[{"id":52,"name":"2x2"},{"id":16,"name":"Agatha Studdio"},{"id":7,"name":"Alexfilm"},{"id":89,"name":"AlFair Studio"},{"id":40,"name":"Alt Pro"},{"id":88,"name":"AMC"},{"id":32,"name":"Amedia"},{"id":36,"name":"Ancord"},{"id":49,"name":"AniDUB"},{"id":48,"name":"AniLibria"},{"id":34,"name":"AXN Sci-fi"},{"id":9,"name":"BaibaKo"},{"id":17,"name":"Coldfilm"},{"id":87,"name":"CTC"},{"id":73,"name":"datynet"},{"id":72,"name":"den904"},{"id":64,"name":"Discovery"},{"id":42,"name":"Diva Universal"},{"id":60,"name":"DreamRecords"},{"id":22,"name":"Filiza Studio"},{"id":28,"name":"Flux-Team"},{"id":18,"name":"Fox"},{"id":41,"name":"F-TRAIN"},{"id":81,"name":"Gears Media"},{"id":61,"name":"GladiolusTV"},{"id":30,"name":"GREEN TEA"},{"id":8,"name":"HamsterStudio "},{"id":80,"name":"HTB"},{"id":57,"name":"IdeaFilm"},{"id":12,"name":"Jaskier"},{"id":24,"name":"Jetvis Studio"},{"id":13,"name":"Jimmy J."},{"id":98,"name":"Levelin"},{"id":79,"name":"Lord32x"},{"id":2,"name":"LostFilm"},{"id":26,"name":"Lw13pro"},{"id":51,"name":"MC Entertainment"},{"id":75,"name":"napaBo3uk"},{"id":58,"name":"Narkom Pro"},{"id":3,"name":"Newstudio"},{"id":59,"name":"Nice-Media"},{"id":4,"name":"Novafilm"},{"id":78,"name":"Novamedia"},{"id":96,"name":"OMSKBIRD records"},{"id":97,"name":"Onibaku"},{"id":10,"name":"Ozz"},{"id":90,"name":"Paramount Comedy"},{"id":74,"name":"PashaUp"},{"id":63,"name":"Prichudiki"},{"id":19,"name":"ProjektorShow"},{"id":77,"name":"R.A.I.M"},{"id":94,"name":"SDI Media"},{"id":47,"name":"SET Russia"},{"id":95,"name":"SHIZA Project"},{"id":43,"name":"Sony Sci-Fi"},{"id":85,"name":"Sony Turbo"},{"id":93,"name":"Sunshine Studio"},{"id":15,"name":"To4ka"},{"id":86,"name":"Tycoon"},{"id":45,"name":"Universal Russia"},{"id":29,"name":"Victory-Films"},{"id":14,"name":"ViruseProject"},{"id":62,"name":"VO-production"},{"id":37,"name":"xaros"},{"id":71,"name":"xixidok"},{"id":68,"name":"Zamez"},{"id":53,"name":"АРК ТВ"},{"id":70,"name":"Гаврилов"},{"id":82,"name":"Гоблин"},{"id":25,"name":"Дасевич"},{"id":66,"name":"двухголосый закадровый"},{"id":21,"name":"Дубляж"},{"id":76,"name":"Есарев"},{"id":69,"name":"Живов"},{"id":92,"name":"Кравец"},{"id":11,"name":"Кубик в Кубе"},{"id":5,"name":"Кураж-бамбей"},{"id":27,"name":"Матвеев"},{"id":67,"name":"многоголосый закадровый"},{"id":50,"name":"Невафильм"},{"id":44,"name":"Несмертельное оружие"},{"id":65,"name":"одноголосый закадровый"},{"id":83,"name":"Первый канал"},{"id":6,"name":"Сербин"},{"id":56,"name":"Студия Райдо"},{"id":20,"name":"Субтитры"},{"id":23,"name":"Сыендук"},{"id":46,"name":"Шадинский"}]